{"eval/steps_per_second":1.524,"_wandb":{"runtime":2562},"_timestamp":1.734676772940398e+09,"_step":0,"train/epoch":0.03907203907203907,"train/global_step":2,"eval/samples_per_second":1.524,"_runtime":2422.269686,"eval/loss":2.609341859817505,"eval/runtime":536.6573}