{"_wandb":{"runtime":6246},"train/global_step":7,"_timestamp":1.7346827599833322e+09,"eval/steps_per_second":1.704,"eval/samples_per_second":1.704,"train/epoch":0.08547008547008547,"eval/loss":2.603830575942993,"eval/runtime":480.1181,"_step":6,"_runtime":5678.975113}